Rank,URL,Name,Description,Votes
1,http://bindingofisaacrebirth.gamepedia.com/Magic_Mushroom,Magic Mushroom,"All stats up!",3492
2,http://bindingofisaacrebirth.gamepedia.com/20/20,20\/20,"Double shot",3465
3,http://bindingofisaacrebirth.gamepedia.com/Abaddon,Abaddon,"Evil + DMG up + fear shot",3438
4,http://bindingofisaacrebirth.gamepedia.com/Tech_X,Tech X,"Laser ring tears",3449
5,http://bindingofisaacrebirth.gamepedia.com/Holy_Mantle,Holy Mantle,"Holy shield",3435
6,http://bindingofisaacrebirth.gamepedia.com/Cricket%27s_Head,Cricket's Head,"DMG up",3388
7,http://bindingofisaacrebirth.gamepedia.com/Brimstone,Brimstone,"Blood laser barrage",3637
8,http://bindingofisaacrebirth.gamepedia.com/The_D6,The D6,"Reroll your destiny ",3281
9,http://bindingofisaacrebirth.gamepedia.com/Sacred_Heart,Sacred Heart,"Homing shots + DMG up",3366
10,http://bindingofisaacrebirth.gamepedia.com/Death%27s_Touch,Death's Touch,"Penetrative shot + DMG up",3405
11,http://bindingofisaacrebirth.gamepedia.com/Mutant_Spider,Mutant Spider,"Quad shot",3515
12,http://bindingofisaacrebirth.gamepedia.com/Proptosis,Proptosis,"Short range mega tears",3299
13,http://bindingofisaacrebirth.gamepedia.com/Godhead,Godhead,"God tears",3339
14,http://bindingofisaacrebirth.gamepedia.com/Crown_of_Light,Crown Of Light,"The untainted gain power",3298
15,http://bindingofisaacrebirth.gamepedia.com/Capricorn,Capricorn,"All stats up",3257
16,http://bindingofisaacrebirth.gamepedia.com/The_Pact,The Pact,"DMG + tears up",3361
17,http://bindingofisaacrebirth.gamepedia.com/Polyphemus,Polyphemus,"Mega tears",3422
18,http://bindingofisaacrebirth.gamepedia.com/Ceremonial_Robes,Ceremonial Robes,"Sin up",3370
19,http://bindingofisaacrebirth.gamepedia.com/SMB_Super_Fan,SMB Super Fan,"All stats up",3260
20,http://bindingofisaacrebirth.gamepedia.com/Goat_Head,Goat Head,"He accepts your offering",3332
21,http://bindingofisaacrebirth.gamepedia.com/The_Halo,The Halo,"All stats up",3351
22,http://bindingofisaacrebirth.gamepedia.com/Succubus,Succubus,"Damage booster",3188
23,http://bindingofisaacrebirth.gamepedia.com/Incubus,Incubus,"Dark friend",3129
24,http://bindingofisaacrebirth.gamepedia.com/Jacob%27s_Ladder,Jacob's Ladder,"Electric tears",3197
25,http://bindingofisaacrebirth.gamepedia.com/Dr._Fetus,Dr. Fetus,"???",3303
26,http://bindingofisaacrebirth.gamepedia.com/Pyromaniac,Pyromaniac,"It hurts so good +5 bombs",3341
27,http://bindingofisaacrebirth.gamepedia.com/The_Wafer,The Wafer,"Damage resistance",3372
28,http://bindingofisaacrebirth.gamepedia.com/Maw_of_the_Void,Maw Of The Void,"Consume thy enemy!",3127
29,http://bindingofisaacrebirth.gamepedia.com/Epic_Fetus,Epic Fetus,"On-demand air strike",3352
30,http://bindingofisaacrebirth.gamepedia.com/Cricket%27s_Body,Cricket's Body,"Splash damage + tears up",3377
31,http://bindingofisaacrebirth.gamepedia.com/Dark_Bum,Dark Bum,"He wants to take your life",3250
32,http://bindingofisaacrebirth.gamepedia.com/The_Soul,The Soul,"I am all",3175
33,http://bindingofisaacrebirth.gamepedia.com/Mom%27s_Knife,Mom's Knife,"Stab stab stab",3379
34,http://bindingofisaacrebirth.gamepedia.com/Pentagram,Pentagram,"DMG up",3487
35,http://bindingofisaacrebirth.gamepedia.com/Monstro%27s_Lung,Monstro's Lung,"Charged attack",3251
36,http://bindingofisaacrebirth.gamepedia.com/The_Inner_Eye,The Inner Eye,"Triple shot",3256
37,http://bindingofisaacrebirth.gamepedia.com/Blood_of_the_Martyr,Blood of the Martyr,"DMG up",3321
38,http://bindingofisaacrebirth.gamepedia.com/Holy_Light,Holy Light,"Holy shot!",3245
39,http://bindingofisaacrebirth.gamepedia.com/Humbling_Bundle,Humbleing Bundle,"1+1 free 4Evar",3382
40,http://bindingofisaacrebirth.gamepedia.com/The_Mark,The Mark,"DMG up",3350
41,http://bindingofisaacrebirth.gamepedia.com/Stigmata,Stigmata,"DMG + HP up",3437
42,http://bindingofisaacrebirth.gamepedia.com/The_Relic,The Relic,"Soul generator",3344
43,http://bindingofisaacrebirth.gamepedia.com/Ipecac,Ipecac,"Explosive shots",3365
44,http://bindingofisaacrebirth.gamepedia.com/Dead_Dove,Dead Dove,"Flight + spectral tears",3217
45,http://bindingofisaacrebirth.gamepedia.com/Holy_Grail,Holy Grail,"Flight + HP up",3238
46,http://bindingofisaacrebirth.gamepedia.com/Sack_Head,Sack Head,"More sacks!",3204
47,http://bindingofisaacrebirth.gamepedia.com/Serpent%27s_Kiss,Serpent's Kiss,"The kiss of death",3159
48,http://bindingofisaacrebirth.gamepedia.com/Steven,Steven,"DMG up",3357
49,http://bindingofisaacrebirth.gamepedia.com/The_Small_Rock,The Small Rock,"DMG up",3404
50,http://bindingofisaacrebirth.gamepedia.com/Growth_Hormones,Growth Hormones,"Speed + DMG up",3226
51,http://bindingofisaacrebirth.gamepedia.com/Guppy%27s_Head,Guppy's Head,"Reusable fly hive",3380
52,http://bindingofisaacrebirth.gamepedia.com/The_Mind,The Mind,"I know all",3297
53,http://bindingofisaacrebirth.gamepedia.com/Jesus_Juice,Jesus Juice,"Damage + range up",3286
54,http://bindingofisaacrebirth.gamepedia.com/8_Inch_Nails,8 Inch Nails,"Stick it to 'em!",3402
55,http://bindingofisaacrebirth.gamepedia.com/Diplopia,Diplopia,"Double item vision",3245
56,http://bindingofisaacrebirth.gamepedia.com/Money_=_Power,Money = Power,"$$$ = DMG",3313
57,http://bindingofisaacrebirth.gamepedia.com/Squeezy,Squeezy,"Tears up",3346
58,http://bindingofisaacrebirth.gamepedia.com/Rubber_Cement,Rubber Cement,"Bouncing tears",3287
59,http://bindingofisaacrebirth.gamepedia.com/Synthoil,Synthoil,"DMG + range up",3330
60,http://bindingofisaacrebirth.gamepedia.com/More_Options,More Options,"There are even more options!",3304
61,http://bindingofisaacrebirth.gamepedia.com/Mega_Blast,Mega Blast,"Laser Breath",3082
62,http://bindingofisaacrebirth.gamepedia.com/Infestation_2,Infestation 2,"Infestation shot",3272
63,http://bindingofisaacrebirth.gamepedia.com/Lusty_Blood,Lusty Blood,"Their blood brings rage!",3097
64,http://bindingofisaacrebirth.gamepedia.com/Lil_Brimstone,Lil Brimstone,"Evil friend",3257
65,http://bindingofisaacrebirth.gamepedia.com/The_Ludovico_Technique,The Ludovico Technique,"Controlled tears",3333
66,http://bindingofisaacrebirth.gamepedia.com/Torn_Photo,Torn Photo,"Tears + shot speed up",3317
67,http://bindingofisaacrebirth.gamepedia.com/Lead_Pencil,Lead Pencil,"He's a bleeder!",3141
68,http://bindingofisaacrebirth.gamepedia.com/Mr._Dolly,Mr. Dolly,"Range + tears up",3389
69,http://bindingofisaacrebirth.gamepedia.com/Compound_Fracture,Compound Fracture,"Bone tears!",3088
70,http://bindingofisaacrebirth.gamepedia.com/Cat-O-Nine-Tails,Cat-o-nine-tails,"Shot speed + damage up",3393
71,http://bindingofisaacrebirth.gamepedia.com/Toothpicks,Tooth Picks,"Tears + shot speed up",3303
72,http://bindingofisaacrebirth.gamepedia.com/Rotten_Baby,Rotten Baby,"Infested friend",3229
73,http://bindingofisaacrebirth.gamepedia.com/Technology_Zero,Technology Zero,"Static tears!",2846
74,http://bindingofisaacrebirth.gamepedia.com/Purity,Purity,"Aura stat boost",3194
75,http://bindingofisaacrebirth.gamepedia.com/Spoon_Bender,Spoon Bender,"Homing shots",3264
76,http://bindingofisaacrebirth.gamepedia.com/Steam_Sale,Steam Sale,"50% off",3320
77,http://bindingofisaacrebirth.gamepedia.com/Cupid%27s_Arrow,Cupid's Arrow,"Piercing shots",3264
78,http://bindingofisaacrebirth.gamepedia.com/A_Lump_of_Coal,A Lump of Coal,"My Xmas present",3196
79,http://bindingofisaacrebirth.gamepedia.com/Sacrificial_Dagger,Sacrificial Dagger,"My fate protects me",3284
80,http://bindingofisaacrebirth.gamepedia.com/Infamy,Infamy,"Damage reduction",3355
81,http://bindingofisaacrebirth.gamepedia.com/Eucharist,Eucharist,"Peace be with you",3017
82,http://bindingofisaacrebirth.gamepedia.com/Guppy%27s_Collar,Guppy's Collar,"Eternal life?",3329
83,http://bindingofisaacrebirth.gamepedia.com/Blank_Card,Blank Card,"Card mimic",3240
84,http://bindingofisaacrebirth.gamepedia.com/Meat%21,MEAT!,"DMG + HP up",3291
85,http://bindingofisaacrebirth.gamepedia.com/Daddy_Longlegs,Daddy Longlegs,"Daddy's love",3318
86,http://bindingofisaacrebirth.gamepedia.com/Dead_Eye,Dead Eye,"Accuracy brings power!",3114
87,http://bindingofisaacrebirth.gamepedia.com/Chaos,Chaos,"!!!",3300
88,http://bindingofisaacrebirth.gamepedia.com/Chocolate_Milk,Chocolate Milk,"Charge shots",3263
89,http://bindingofisaacrebirth.gamepedia.com/Champion_Belt,Champion Belt,"DMG + Challenge up",3316
90,http://bindingofisaacrebirth.gamepedia.com/Lost_Contact,Lost Contact,"Shielded tears",3248
91,http://bindingofisaacrebirth.gamepedia.com/Fate,Fate,"Flight eternal",3173
92,http://bindingofisaacrebirth.gamepedia.com/Stop_Watch,Stop Watch,"Let's slow this down a bit...",3205
93,http://bindingofisaacrebirth.gamepedia.com/Trinity_Shield,Trinity Shield,"You feel guarded ",3237
94,http://bindingofisaacrebirth.gamepedia.com/BFFS%21,BFFS!,"Your friends rule",3273
95,http://bindingofisaacrebirth.gamepedia.com/Wire_Coat_Hanger,Wire Coat Hanger,"Tears up",3428
96,http://bindingofisaacrebirth.gamepedia.com/The_Parasite,The Parasite,"Split shot",3216
97,http://bindingofisaacrebirth.gamepedia.com/Dark_Matter,Dark Matter,"Fear shot",3298
98,http://bindingofisaacrebirth.gamepedia.com/Euthanasia,Euthanasia,"Needle shot",3045
99,http://bindingofisaacrebirth.gamepedia.com/Gnawed_Leaf,Gnawed Leaf,"Unbreakable",3225
100,http://bindingofisaacrebirth.gamepedia.com/Tech.5,Tech.5,"It's still being tested...",3225
101,http://bindingofisaacrebirth.gamepedia.com/Black_Candle,Black Candle,"Curse immunity + evil up",3364
102,http://bindingofisaacrebirth.gamepedia.com/Satanic_Bible,Satanic Bible,"Reusable evil",3209
103,http://bindingofisaacrebirth.gamepedia.com/Restock,Restock,"Never ending stores!",3230
104,http://bindingofisaacrebirth.gamepedia.com/Sagittarius,Sagittarius,"Penetrative shot + speed up",3231
105,http://bindingofisaacrebirth.gamepedia.com/Void,Void,"Consume",3133
106,http://bindingofisaacrebirth.gamepedia.com/Dead_Cat,Dead Cat,"9 lives",3294
107,http://bindingofisaacrebirth.gamepedia.com/Toxic_Shock,Toxic Shock,"Mass poison",3287
108,http://bindingofisaacrebirth.gamepedia.com/Sinus_Infection,Sinus Infection,"Booger tears!",3067
109,http://bindingofisaacrebirth.gamepedia.com/Host_Hat,Host Hat,"Nice hat!",3191
110,http://bindingofisaacrebirth.gamepedia.com/PJs,PJs,"You feel cozy",3152
111,http://bindingofisaacrebirth.gamepedia.com/Eye_of_Belial,Eye of Belial,"Possessed tears!",3038
112,http://bindingofisaacrebirth.gamepedia.com/Tammy%27s_Head,Tammy's Head,"Reusable tear burst",3288
113,http://bindingofisaacrebirth.gamepedia.com/Gimpy,Gimpy,"Sweet suffering",3215
114,http://bindingofisaacrebirth.gamepedia.com/Spirit_of_the_Night,Spirit of the Night,"Scary",3271
115,http://bindingofisaacrebirth.gamepedia.com/The_Sad_Onion,The Sad Onion,"Tears up",3335
116,http://bindingofisaacrebirth.gamepedia.com/Odd_Mushroom_%28Large%29,Odd Mushroom,"DMG up",3393
117,http://bindingofisaacrebirth.gamepedia.com/Whore_of_Babylon,Whore of Babylon,"Curse up",3175
118,http://bindingofisaacrebirth.gamepedia.com/Blood_Clot,Blood Clot,"DMG + range up",3311
119,http://bindingofisaacrebirth.gamepedia.com/Guppy%27s_Tail,Guppy's Tail,"Cursed?",3172
120,http://bindingofisaacrebirth.gamepedia.com/Eden%27s_Blessing,Eden's Blessing,"Your future shines brighter",3095
121,http://bindingofisaacrebirth.gamepedia.com/Tractor_Beam,Tractor Beam,"Controlled tears",3240
122,http://bindingofisaacrebirth.gamepedia.com/PHD,PHD,"Better pills",3260
123,http://bindingofisaacrebirth.gamepedia.com/Book_of_Revelations,Book of Revelations,"Reusable soul protection",3252
124,http://bindingofisaacrebirth.gamepedia.com/Technology,Technology,"Laser tears",3251
125,http://bindingofisaacrebirth.gamepedia.com/Chemical_Peel,Chemical Peel,"DMG up",3248
126,http://bindingofisaacrebirth.gamepedia.com/Judas%27_Shadow,Judas' Shadow,"Sweet revenge",3104
127,http://bindingofisaacrebirth.gamepedia.com/Car_Battery,Car Battery,"Double charge!",3181
128,http://bindingofisaacrebirth.gamepedia.com/The_Nail,The Nail,"Temporary demon form",3277
129,http://bindingofisaacrebirth.gamepedia.com/There%27s_Options,There's Options,"More options",3331
130,http://bindingofisaacrebirth.gamepedia.com/Contract_From_Below,Contract from Below,"Wealth... but at what cost?",3171
131,http://bindingofisaacrebirth.gamepedia.com/Cancer,Cancer,"HP up + you feel protected",3351
132,http://bindingofisaacrebirth.gamepedia.com/Eve%27s_Mascara,Eve's Mascara,"Shot speed down + DMG up",3244
133,http://bindingofisaacrebirth.gamepedia.com/Rune_Bag,Rune Bag,"Rune generator",3178
134,http://bindingofisaacrebirth.gamepedia.com/Super_Bandage,Super Bandage," +2 hearts",3302
135,http://bindingofisaacrebirth.gamepedia.com/Tarot_Cloth,Tarot Cloth,"I see the future",3091
136,http://bindingofisaacrebirth.gamepedia.com/Eden%27s_Soul,Eden's Soul,"...",2916
137,http://bindingofisaacrebirth.gamepedia.com/Angelic_Prism,Angelic Prism,"Eclipsed by the moon",2636
138,http://bindingofisaacrebirth.gamepedia.com/Sad_Bombs,Sad Bombs,"Tear blasts +5 bombs",3183
139,http://bindingofisaacrebirth.gamepedia.com/Guppy%27s_Paw,Guppy's Paw,"Soul converter",3260
140,http://bindingofisaacrebirth.gamepedia.com/Bloody_Lust,Bloody Lust,"RAGE!",3144
141,http://bindingofisaacrebirth.gamepedia.com/The_Mulligan,The Mulligan,"They grow inside",3120
142,http://bindingofisaacrebirth.gamepedia.com/Black_Lotus,Black Lotus,"HP up x3",3246
143,http://bindingofisaacrebirth.gamepedia.com/Scorpio,Scorpio,"Poison tears",3264
144,http://bindingofisaacrebirth.gamepedia.com/Mysterious_Liquid,Mysterious Liquid,"Toxic splash damage",3233
145,http://bindingofisaacrebirth.gamepedia.com/Apple%21,Apple!,"Trick or treat?",3141
146,http://bindingofisaacrebirth.gamepedia.com/Empty_Vessel,Empty Vessel,"I reward an empty vessel",3042
147,http://bindingofisaacrebirth.gamepedia.com/Lord_of_the_Pit,Lord of the Pit,"Demon wings",3287
148,http://bindingofisaacrebirth.gamepedia.com/Screw,Screw,"Tears + shot speed up",3344
149,http://bindingofisaacrebirth.gamepedia.com/The_Body,The Body,"I feel all",3134
150,http://bindingofisaacrebirth.gamepedia.com/Dry_Baby,Dry Baby,"Immortal friend",3229
151,http://bindingofisaacrebirth.gamepedia.com/Blue_Cap,Blue Cap,"HP + tears up + shot speed down",3174
152,http://bindingofisaacrebirth.gamepedia.com/Sulfuric_Acid,Sulfuric Acid,"Acid tears!",3131
153,http://bindingofisaacrebirth.gamepedia.com/Fire_Mind,Fire Mind,"Flaming tears",3270
154,http://bindingofisaacrebirth.gamepedia.com/Mitre,Mitre,"You feel blessed",3188
155,http://bindingofisaacrebirth.gamepedia.com/Mom%27s_Wig,Mom's Wig,"You feel itchy...",3166
156,http://bindingofisaacrebirth.gamepedia.com/Hive_Mind,Hive Mind,"Giant spiders and flies",3234
157,http://bindingofisaacrebirth.gamepedia.com/Pisces,Pisces,"Tears up + knock-back shot",3277
158,http://bindingofisaacrebirth.gamepedia.com/Continuum,Continuum,"Transcendent tears",3158
159,http://bindingofisaacrebirth.gamepedia.com/Head_of_the_Keeper,Head of the Keeper,"Penny Tears!",3170
160,http://bindingofisaacrebirth.gamepedia.com/Tough_Love,Tough Love,"Tooth shot",3306
161,http://bindingofisaacrebirth.gamepedia.com/Duality,Duality,"You feel very balanced",3047
162,http://bindingofisaacrebirth.gamepedia.com/Sack_of_Sacks,Sack of Sacks,"Gives Sacks!",3100
163,http://bindingofisaacrebirth.gamepedia.com/A_Dollar,A Dollar,"$$$",3225
164,http://bindingofisaacrebirth.gamepedia.com/Little_Horn,Little Horn,"Science!",3094
165,http://bindingofisaacrebirth.gamepedia.com/Odd_Mushroom_%28Thin%29,Odd Mushroom,"Fire rate up",3299
166,http://bindingofisaacrebirth.gamepedia.com/Circle_of_Protection,Circle of Protection,"Protect me from myself",3066
167,http://bindingofisaacrebirth.gamepedia.com/The_Book_of_Belial,The Book of Belial,"Temporary DMG up",3305
168,http://bindingofisaacrebirth.gamepedia.com/Contagion,Contagion,"Outbreak!",3191
169,http://bindingofisaacrebirth.gamepedia.com/Libra,Libra,"You feel balanced",3225
170,http://bindingofisaacrebirth.gamepedia.com/Censer,Censer,"Peace be with you",3023
171,http://bindingofisaacrebirth.gamepedia.com/Mystery_Gift,Mystery Gift,"Wrapped up nice for you!",3082
172,http://bindingofisaacrebirth.gamepedia.com/Skeleton_Key,Skeleton Key,"99 keys",3262
173,http://bindingofisaacrebirth.gamepedia.com/The_Pinking_Shears,The Pinking Shears,"Cut and run",3124
174,http://bindingofisaacrebirth.gamepedia.com/Mom%27s_Key,Mom's Key,"Less is now more +2 keys",3182
175,http://bindingofisaacrebirth.gamepedia.com/Safety_Pin,Safety Pin,"Evil + range + shot speed up",3303
176,http://bindingofisaacrebirth.gamepedia.com/Transcendence,Transcendence,"We all float down here...",3169
177,http://bindingofisaacrebirth.gamepedia.com/Cube_of_Meat,Cube of Meat,"Gotta meat 'em all",3251
178,http://bindingofisaacrebirth.gamepedia.com/Dead_Onion,Dead Onion,"Toxic aura tears",3227
179,http://bindingofisaacrebirth.gamepedia.com/Habit,Habit,"Item martyr",3264
180,http://bindingofisaacrebirth.gamepedia.com/Pupula_Duplex,Pupula Duplex,"Wide shot",3219
181,http://bindingofisaacrebirth.gamepedia.com/Spider_Mod,Spider Mod,"Mod buddy!",3164
182,http://bindingofisaacrebirth.gamepedia.com/Binky,Binky,"Memories...",3225
183,http://bindingofisaacrebirth.gamepedia.com/Crystal_Ball,Crystal Ball,"I see my future",3112
184,http://bindingofisaacrebirth.gamepedia.com/Technology_2,Technology 2,"Laser",3214
185,http://bindingofisaacrebirth.gamepedia.com/Ghost_Pepper,Ghost Pepper,"Flame tears",3065
186,http://bindingofisaacrebirth.gamepedia.com/Placenta,Placenta,"Regeneration + HP up",3203
187,http://bindingofisaacrebirth.gamepedia.com/Treasure_Map,Treasure Map,"Full visible map",3195
188,http://bindingofisaacrebirth.gamepedia.com/7_Seals,7 Seals,"Lil Harbingers!",2737
189,http://bindingofisaacrebirth.gamepedia.com/Mom%27s_Contacts,Mom's Contacts,"Freeze effect",3153
190,http://bindingofisaacrebirth.gamepedia.com/The_Polaroid,The Polaroid,"Fate chosen",3099
191,http://bindingofisaacrebirth.gamepedia.com/Halo_of_Flies,Halo of Flies,"Projectile protection ",3161
192,http://bindingofisaacrebirth.gamepedia.com/Prayer_Card,Prayer Card,"Reusable eternity ",3216
193,http://bindingofisaacrebirth.gamepedia.com/White_Pony,White Pony,"Flight + holy death",3157
194,http://bindingofisaacrebirth.gamepedia.com/9_Volt,9 Volt,"Quicker charge",3208
195,http://bindingofisaacrebirth.gamepedia.com/Pyro,Pyro,"99 bombs",3273
196,http://bindingofisaacrebirth.gamepedia.com/Dad%27s_Key,Dad's Key,"Opens all doors...",3156
197,http://bindingofisaacrebirth.gamepedia.com/Bumbo,Bumbo,"Bumbo want coin!",3179
198,http://bindingofisaacrebirth.gamepedia.com/The_Compass,The Compass,"The end is near",3164
199,http://bindingofisaacrebirth.gamepedia.com/Delirious,Delirious,"Unleash the power!",3070
200,http://bindingofisaacrebirth.gamepedia.com/Sworn_Protector,Sworn Protector,"Protective friend",3113
201,http://bindingofisaacrebirth.gamepedia.com/Explosivo,Explosivo,"Sticky bomb shot!",3151
202,http://bindingofisaacrebirth.gamepedia.com/Number_One,Number One,"Tears up",3163
203,http://bindingofisaacrebirth.gamepedia.com/Maggy%27s_Bow,Maggy's Bow,"HP up + you feel healthy",3150
204,http://bindingofisaacrebirth.gamepedia.com/Magic_Scab,Magic Scab,"HP + luck up",3202
205,http://bindingofisaacrebirth.gamepedia.com/Seraphim,Seraphim,"Sworn friend",3265
206,http://bindingofisaacrebirth.gamepedia.com/Parasitoid,Parasitoid,"Egg tears!",3039
207,http://bindingofisaacrebirth.gamepedia.com/1up%21,1up!,"Extra life",3239
208,http://bindingofisaacrebirth.gamepedia.com/Spear_of_Destiny,Spear Of Destiny,"Your destiny",3155
209,http://bindingofisaacrebirth.gamepedia.com/Mini_Mush,Mini Mush,"Speed + range up",3194
210,http://bindingofisaacrebirth.gamepedia.com/The_Battery,The Battery,"Stores energy",3204
211,http://bindingofisaacrebirth.gamepedia.com/X-Ray_Vision,X-Ray Vision,"I've seen everything",3241
212,http://bindingofisaacrebirth.gamepedia.com/Blood_Bag,Blood Bag,"HP up",3149
213,http://bindingofisaacrebirth.gamepedia.com/Speed_Ball,Speed Ball,"Speed + shot speed up",3213
214,http://bindingofisaacrebirth.gamepedia.com/Blue_Map,Blue Map,"Secrets",3204
215,http://bindingofisaacrebirth.gamepedia.com/3_Dollar_Bill,3 Dollar Bill,"Rainbow tears",3140
216,http://bindingofisaacrebirth.gamepedia.com/Glyph_of_Balance,Glyph of Balance,"A gift from above",2849
217,http://bindingofisaacrebirth.gamepedia.com/The_Common_Cold,The Common Cold,"Poison damage",3226
218,http://bindingofisaacrebirth.gamepedia.com/Roid_Rage,Roid Rage,"Speed and range up",3266
219,http://bindingofisaacrebirth.gamepedia.com/Cambion_Conception,Cambion Conception,"Feed them hate",2994
220,http://bindingofisaacrebirth.gamepedia.com/Guardian_Angel,Guardian Angel,"Extra protection",3014
221,http://bindingofisaacrebirth.gamepedia.com/Ouija_Board,Ouija Board,"Spectral tears",3173
222,http://bindingofisaacrebirth.gamepedia.com/Lil_Haunt,Lil Haunt,"Fear him",3140
223,http://bindingofisaacrebirth.gamepedia.com/Virgo,Virgo,"You feel refreshed and protected",3139
224,http://bindingofisaacrebirth.gamepedia.com/D100,D100,"REEROLLLLL!",3052
225,http://bindingofisaacrebirth.gamepedia.com/Crooked_Penny,Crooked Penny,"50/50",2965
226,http://bindingofisaacrebirth.gamepedia.com/Smelter,Smelter,"Trinket melter!",2978
227,http://bindingofisaacrebirth.gamepedia.com/D4,D4,"Reroll into something else",3108
228,http://bindingofisaacrebirth.gamepedia.com/Pop%21,Pop!,"Eyeball tears!",2636
229,http://bindingofisaacrebirth.gamepedia.com/Match_Book,Match Book,"Evil up",3171
230,http://bindingofisaacrebirth.gamepedia.com/The_Candle,The Candle,"Reusable flames",3116
231,http://bindingofisaacrebirth.gamepedia.com/Dog_Tooth,Dog Tooth,"Bark at the moon!",3008
232,http://bindingofisaacrebirth.gamepedia.com/Broken_Watch,Broken Watch,"I think it's broken",3146
233,http://bindingofisaacrebirth.gamepedia.com/Athame,Athame,"Call to the void",2992
234,http://bindingofisaacrebirth.gamepedia.com/Finger%21,Finger!,"Watch where you point that!",3080
235,http://bindingofisaacrebirth.gamepedia.com/Cone_Head,Cone Head,"Hard headed!",2955
236,http://bindingofisaacrebirth.gamepedia.com/Mama_Mega%21,MaMa Mega!,"BOOOOOOOOOM!",3205
237,http://bindingofisaacrebirth.gamepedia.com/Black_Hole,Black Hole,"Nothing can escape",3030
238,http://bindingofisaacrebirth.gamepedia.com/Raw_Liver,Raw Liver,"HP up",3351
239,http://bindingofisaacrebirth.gamepedia.com/Rosary,Rosary,"Faith up",3145
240,http://bindingofisaacrebirth.gamepedia.com/Head_of_Krampus,Head of Krampus,"Krampus rage",3267
241,http://bindingofisaacrebirth.gamepedia.com/A_Quarter,A Quarter," +25 coins",3281
242,http://bindingofisaacrebirth.gamepedia.com/Red_Candle,Red Candle,"Flame on",3216
243,http://bindingofisaacrebirth.gamepedia.com/Pandora%27s_Box,Pandora's Box,"? ?",3101
244,http://bindingofisaacrebirth.gamepedia.com/Epiphora,Epiphora,"Intensifying tears",3071
245,http://bindingofisaacrebirth.gamepedia.com/Soy_Milk,Soy Milk,"DMG down + tears way up",3247
246,http://bindingofisaacrebirth.gamepedia.com/Box_of_Friends,Box of Friends,"Double your friends",3056
247,http://bindingofisaacrebirth.gamepedia.com/Evil_Eye,Evil Eye,"Eye shot!",3085
248,http://bindingofisaacrebirth.gamepedia.com/Guppy%27s_Hair_Ball,Guppy's Hairball,"Swing it",3104
249,http://bindingofisaacrebirth.gamepedia.com/Mom%27s_Perfume,Mom's Perfume,"Fear shot",3207
250,http://bindingofisaacrebirth.gamepedia.com/Greed%27s_Gullet,Greed's Gullet,"Money = Health!",2977
251,http://bindingofisaacrebirth.gamepedia.com/Book_of_Shadows,Book of Shadows,"Temporary invincibility",3125
252,http://bindingofisaacrebirth.gamepedia.com/Ball_of_Bandages,Ball of Bandages,"Gotta lick 'em all!",3115
253,http://bindingofisaacrebirth.gamepedia.com/Less_Than_Three,<3,"HP up",3248
254,http://bindingofisaacrebirth.gamepedia.com/Mom%27s_Box,Mom's Box,"What's inside?",3079
255,http://bindingofisaacrebirth.gamepedia.com/Lil_Delirium,Lil Delirium,"He's Delirious",2991
256,http://bindingofisaacrebirth.gamepedia.com/The_Pony,A Pony,"Flight + dash attack",3158
257,http://bindingofisaacrebirth.gamepedia.com/Sissy_Longlegs,Sissy Longlegs,"She loves you",3084
258,http://bindingofisaacrebirth.gamepedia.com/Charged_Baby,Charged Baby,"Bbbzzzzzt! ",3127
259,http://bindingofisaacrebirth.gamepedia.com/Lucky_Foot,Lucky Foot,"Luck up",3232
260,http://bindingofisaacrebirth.gamepedia.com/Mr._ME%21,Mr. ME!,"Caaan Do!",2660
261,http://bindingofisaacrebirth.gamepedia.com/Eye_of_Greed,Eye of Greed,"Gold tears!",2888
262,http://bindingofisaacrebirth.gamepedia.com/Iron_Bar,Iron Bar,"Concussive tears",3172
263,http://bindingofisaacrebirth.gamepedia.com/Dark_Prince%27s_Crown,Dark Princes Crown,"Loss is power",3011
264,http://bindingofisaacrebirth.gamepedia.com/Scapular,Scapular,"You have been blessed",3044
265,http://bindingofisaacrebirth.gamepedia.com/Smart_Fly,Smart Fly,"Revenge fly",3183
266,http://bindingofisaacrebirth.gamepedia.com/Gemini,Gemini,"Conjoined friend",3115
267,http://bindingofisaacrebirth.gamepedia.com/Mystery_Sack,Mystery Sack,"?",3022
268,http://bindingofisaacrebirth.gamepedia.com/Adrenaline,Adrenaline,"Panic - power",3106
269,http://bindingofisaacrebirth.gamepedia.com/Varicose_Veins,Varicose Veins,"I'm leaking...",3051
270,http://bindingofisaacrebirth.gamepedia.com/Juicy_Sack,Juicy Sack,"Sticky babies",3008
271,http://bindingofisaacrebirth.gamepedia.com/Immaculate_Conception,Immaculate Conception,"Feed them love",2879
272,http://bindingofisaacrebirth.gamepedia.com/Loki%27s_Horns,Loki's Horns,"Cross tears",3045
273,http://bindingofisaacrebirth.gamepedia.com/D_Infinity,D infinity,"Reroll forever",2995
274,http://bindingofisaacrebirth.gamepedia.com/D20,D20,"Reroll the basics ",2999
275,http://bindingofisaacrebirth.gamepedia.com/Kidney_Stone,Kidney Stone,"Matt's Kidney Stone",2928
276,http://bindingofisaacrebirth.gamepedia.com/Demon_Baby,Demon Baby,"Auto-turret friend",3050
277,http://bindingofisaacrebirth.gamepedia.com/Midas%27_Touch,Midas' Touch,"Golden touch",3117
278,http://bindingofisaacrebirth.gamepedia.com/Fruit_Cake,Fruit Cake,"Rainbow Effects!",3099
279,http://bindingofisaacrebirth.gamepedia.com/Leo,Leo,"Stompy",3184
280,http://bindingofisaacrebirth.gamepedia.com/Bursting_Sack,Bursting Sack,"Spider love",2949
281,http://bindingofisaacrebirth.gamepedia.com/Lil%27_Chest,Lil Chest,"What's in the box?",3003
282,http://bindingofisaacrebirth.gamepedia.com/Skatole,Skatole,"Fly love",3184
283,http://bindingofisaacrebirth.gamepedia.com/%3F%3F%3F%27s_Only_Friend,???'s Only Friend,"Controlled friend",3095
284,http://bindingofisaacrebirth.gamepedia.com/Buddy_in_a_Box,Buddy in a Box,"What could it be?!",2879
285,http://bindingofisaacrebirth.gamepedia.com/Bozo,Bozo,"Party time!",2911
286,http://bindingofisaacrebirth.gamepedia.com/Thunder_Thighs,Thunder Thighs,"HP up + speed down + you feel stompy",3170
287,http://bindingofisaacrebirth.gamepedia.com/Starter_Deck,Starter Deck,"Extra card room",3160
288,http://bindingofisaacrebirth.gamepedia.com/Spider_Bite,Spider Bite,"Slow effect",3149
289,http://bindingofisaacrebirth.gamepedia.com/Lil_Monstro,Lil Monstro,"Ain't he cute?",3098
290,http://bindingofisaacrebirth.gamepedia.com/Big_Fan,Big Fan,"Fat protector",3045
291,http://bindingofisaacrebirth.gamepedia.com/Box,Box,"Stuff",3209
292,http://bindingofisaacrebirth.gamepedia.com/The_Book_of_Sin,The Book of Sin,"Reusable item generator",3081
293,http://bindingofisaacrebirth.gamepedia.com/Lazarus%27_Rags,Lazarus' Rags,"Eternal life?",3035
294,http://bindingofisaacrebirth.gamepedia.com/Latch_Key,Latch Key,"Luck up",3149
295,http://bindingofisaacrebirth.gamepedia.com/Potato_Peeler,Potato Peeler,"A pound of flesh...",3088
296,http://bindingofisaacrebirth.gamepedia.com/Ball_of_Tar,Ball of Tar,"Sticky feet...",3125
297,http://bindingofisaacrebirth.gamepedia.com/Forget_Me_Now,Forget Me Now,"I don't remember...",2978
298,http://bindingofisaacrebirth.gamepedia.com/Glitter_Bombs,Glitter Bombs,"Prize Bombs!",3142
299,http://bindingofisaacrebirth.gamepedia.com/Mom%27s_Purse,Mom's Purse,"More trinket room",3178
300,http://bindingofisaacrebirth.gamepedia.com/Scatter_Bombs,Scatter Bombs,"We put bombs in your bombs!",3038
301,http://bindingofisaacrebirth.gamepedia.com/Zodiac,Zodiac,"The heavens will change you",2829
302,http://bindingofisaacrebirth.gamepedia.com/Experimental_Treatment,Experimental Treatment,"All stats up... then shuffled",3200
303,http://bindingofisaacrebirth.gamepedia.com/Spider_Baby,Spiderbaby,"Spider revenge",3065
304,http://bindingofisaacrebirth.gamepedia.com/The_Negative,The Negative,"Fate chosen",3006
305,http://bindingofisaacrebirth.gamepedia.com/Missing_Page_2,Missing Page 2,"Evil up. Your enemies will pay!",3132
306,http://bindingofisaacrebirth.gamepedia.com/Mr._Mega,Mr. Mega,"Blast damage",3142
307,http://bindingofisaacrebirth.gamepedia.com/Caffeine_Pill,Caffeine Pill,"Speed up + size down",3077
308,http://bindingofisaacrebirth.gamepedia.com/Analog_Stick,Analog Stick,"360 tears!",2936
309,http://bindingofisaacrebirth.gamepedia.com/Taurus,Taurus,"Speed down + rage is building",3150
310,http://bindingofisaacrebirth.gamepedia.com/Shoop_Da_Whoop%21,Shoop da Whoop!,"BLLLARRRRGGG!",3061
311,http://bindingofisaacrebirth.gamepedia.com/YO_LISTEN%21,YO LISTEN!,"Yo listen!",2917
312,http://bindingofisaacrebirth.gamepedia.com/Forever_Alone,Forever alone,"Attack fly",3155
313,http://bindingofisaacrebirth.gamepedia.com/Deck_of_Cards,Deck of Cards,"Reusable card generator ",3130
314,http://bindingofisaacrebirth.gamepedia.com/Deep_Pockets,Deep Pockets,"More stuff to carry!",3012
315,http://bindingofisaacrebirth.gamepedia.com/Mom%27s_Pearls,Mom's Pearls,"Range + luck up",3178
316,http://bindingofisaacrebirth.gamepedia.com/Distant_Admiration,Distant Admiration,"Attack fly",3064
317,http://bindingofisaacrebirth.gamepedia.com/Charm_of_the_Vampire,Charm of the Vampire,"Kills heal",3185
318,http://bindingofisaacrebirth.gamepedia.com/Celtic_Cross,Celtic Cross,"You feel blessed",2953
319,http://bindingofisaacrebirth.gamepedia.com/Fate%27s_Reward,Fate's reward,"Your fate beside you",2941
320,http://bindingofisaacrebirth.gamepedia.com/Sack_of_Pennies,Sack of Pennies,"Gives money",3160
321,http://bindingofisaacrebirth.gamepedia.com/Mom%27s_Eye,Mom's Eye,"Eye in the back of your head",3130
322,http://bindingofisaacrebirth.gamepedia.com/Crack_the_Sky,Crack the Sky,"Holy white death",3061
323,http://bindingofisaacrebirth.gamepedia.com/Anti-Gravity,Anti-Gravity,"Anti-gravity tears + tears up",3048
324,http://bindingofisaacrebirth.gamepedia.com/Sprinkler,Sprinkler,"Sprinkles.",3017
325,http://bindingofisaacrebirth.gamepedia.com/Mongo_Baby,Mongo Baby,"Mongo friend",3005
326,http://bindingofisaacrebirth.gamepedia.com/Multidimensional_Baby,Multidimensional Baby,"ydduB Buddy",3064
327,http://bindingofisaacrebirth.gamepedia.com/Jar_of_Flies,Jar of Flies,"Gotta catch 'em all?",3070
328,http://bindingofisaacrebirth.gamepedia.com/Spelunker_Hat,Spelunker Hat,"See-through doors",3076
329,http://bindingofisaacrebirth.gamepedia.com/Broken_Modem,Broken Modem,"LAG!",2924
330,http://bindingofisaacrebirth.gamepedia.com/Piggy_Bank,Piggy Bank,"My life savings",3164
331,http://bindingofisaacrebirth.gamepedia.com/Bomber_Boy,Bomber Boy,"Explosive blast!",3188
332,http://bindingofisaacrebirth.gamepedia.com/Bob%27s_Curse,Bob's Curse," +5 poison bombs",3179
333,http://bindingofisaacrebirth.gamepedia.com/Night_Light,Night Light,"Scared of the dark?",3088
334,http://bindingofisaacrebirth.gamepedia.com/Butt_Bombs,Butt Bombs,"Toxic blast +5 bombs",3118
335,http://bindingofisaacrebirth.gamepedia.com/Mom%27s_Eyeshadow,Mom's Eyeshadow,"Charm tears",3142
336,http://bindingofisaacrebirth.gamepedia.com/Bogo_Bombs,BOGO Bombs,"1+1 BOOM!",3127
337,http://bindingofisaacrebirth.gamepedia.com/Hot_Bombs,Hot Bombs,"Burning blast +5 bombs",3058
338,http://bindingofisaacrebirth.gamepedia.com/Coupon,Coupon,"Allow 6 weeks for delivery",2590
339,http://bindingofisaacrebirth.gamepedia.com/The_Virus,The Virus,"Poison touch",3178
340,http://bindingofisaacrebirth.gamepedia.com/Leech,Leech,"Blood sucker",3064
341,http://bindingofisaacrebirth.gamepedia.com/Stem_Cells,Stem Cells,"HP up",3064
342,http://bindingofisaacrebirth.gamepedia.com/Metal_Plate,Metal Plate,"It itches...",2990
343,http://bindingofisaacrebirth.gamepedia.com/Black_Powder,Black Powder,"Spin the black circle!",3016
344,http://bindingofisaacrebirth.gamepedia.com/Little_Steven,Little Steven,"Psychic friend",3133
345,http://bindingofisaacrebirth.gamepedia.com/Bomb_Bag,Bomb Bag,"Gives bombs",3080
346,http://bindingofisaacrebirth.gamepedia.com/Infestation,Infestation,"They grow inside",2992
347,http://bindingofisaacrebirth.gamepedia.com/Sharp_Straw,Sharp Straw,"More blood!",2905
348,http://bindingofisaacrebirth.gamepedia.com/Jumper_Cables,Jumper Cables,"Bloody Recharge!",2542
349,http://bindingofisaacrebirth.gamepedia.com/Guillotine,Guillotine,"An out-of-body experience",3125
350,http://bindingofisaacrebirth.gamepedia.com/Little_Gish,Little Gish,"Sticky friend",3131
351,http://bindingofisaacrebirth.gamepedia.com/Tiny_Planet,Tiny Planet,"Orbiting tears + range up",3165
352,http://bindingofisaacrebirth.gamepedia.com/Aquarius,Aquarius,"Trail of tears",3061
353,http://bindingofisaacrebirth.gamepedia.com/Magic_8_Ball,Magic 8 Ball,"Shot speed up",3055
354,http://bindingofisaacrebirth.gamepedia.com/Headless_Baby,Headless Baby,"Bloody friend",3211
355,http://bindingofisaacrebirth.gamepedia.com/Old_Bandage,Old Bandage,"HP up",3099
356,http://bindingofisaacrebirth.gamepedia.com/The_Belt,The Belt,"Speed up",3148
357,http://bindingofisaacrebirth.gamepedia.com/Wait_What%3F,Wait What?,"I can't believe it's not butter bean!",3139
358,http://bindingofisaacrebirth.gamepedia.com/Large_Zit,Large Zit,"Creep shots",2962
359,http://bindingofisaacrebirth.gamepedia.com/Key_Piece_1,Key Piece 1,"???",3107
360,http://bindingofisaacrebirth.gamepedia.com/Key_Piece_2,Key Piece 2,"???",3002
361,http://bindingofisaacrebirth.gamepedia.com/Dinner,Dinner,"HP up",3192
362,http://bindingofisaacrebirth.gamepedia.com/Dessert,Dessert,"HP up",3182
363,http://bindingofisaacrebirth.gamepedia.com/Undefined,Undefined,"Undefined",2907
364,http://bindingofisaacrebirth.gamepedia.com/Shard_of_Glass,Shard of Glass,"Blood and guts!",2935
365,http://bindingofisaacrebirth.gamepedia.com/Crack_Jacks,Crack Jacks,"Don't swallow the prize!",2995
366,http://bindingofisaacrebirth.gamepedia.com/Backstabber,BackStabber,"Watch your back!",2984
367,http://bindingofisaacrebirth.gamepedia.com/Bucket_of_Lard,Bucket of Lard,"HP up",3093
368,http://bindingofisaacrebirth.gamepedia.com/Dull_Razor,Dull Razor,"I feel numb...",2914
369,http://bindingofisaacrebirth.gamepedia.com/Box_of_Spiders,Box of Spiders,"It's a box of spiders",3020
370,http://bindingofisaacrebirth.gamepedia.com/Samson%27s_Chains,Samson's Chains,"The ol' ball and chain",2950
371,http://bindingofisaacrebirth.gamepedia.com/Glaucoma,Glaucoma,"Blind tears!",2935
372,http://bindingofisaacrebirth.gamepedia.com/The_Bible,The Bible,"Temporary flight",3157
373,http://bindingofisaacrebirth.gamepedia.com/Ankh,Ankh,"Eternal life?",3052
374,http://bindingofisaacrebirth.gamepedia.com/Wooden_Spoon,Wooden Spoon,"Speed up",3151
375,http://bindingofisaacrebirth.gamepedia.com/Little_Chubby,Little Chubby,"Attack buddy",3132
376,http://bindingofisaacrebirth.gamepedia.com/Rotten_Meat,Rotten Meat,"HP up",3233
377,http://bindingofisaacrebirth.gamepedia.com/God%27s_Flesh,God's Flesh,"Shrink shot!",3091
378,http://bindingofisaacrebirth.gamepedia.com/Belly_Button,Belly Button,"What's in there?",2953
379,http://bindingofisaacrebirth.gamepedia.com/Telekinesis,Telekinesis,"The power of mind!",2578
380,http://bindingofisaacrebirth.gamepedia.com/Missing_No.,Missing No.,"Syntax error",2989
381,http://bindingofisaacrebirth.gamepedia.com/Punching_Bag,Punching Bag,"Scape goat",3086
382,http://bindingofisaacrebirth.gamepedia.com/Depression,Depression,":(",3010
383,http://bindingofisaacrebirth.gamepedia.com/Teleport_2.0,Teleport 2.0,"I-Teleport!",3046
384,http://bindingofisaacrebirth.gamepedia.com/A_Snack,A Snack,"HP up",3166
385,http://bindingofisaacrebirth.gamepedia.com/Harlequin_Baby,Harlequin Baby,"Double shot buddy",3117
386,http://bindingofisaacrebirth.gamepedia.com/Polydactyly,Polydactyly,"Hold me!",2981
387,http://bindingofisaacrebirth.gamepedia.com/Robo-Baby,Robo-Baby,"Friends 'till the bbbbzzzt",3060
388,http://bindingofisaacrebirth.gamepedia.com/Bobby-Bomb,Bobby-Bomb,"Homing bombs",3042
389,http://bindingofisaacrebirth.gamepedia.com/My_Little_Unicorn,My Little Unicorn,"Temporary badass",3251
390,http://bindingofisaacrebirth.gamepedia.com/Rainbow_Baby,Rainbow Baby,"Random buddy",3091
391,http://bindingofisaacrebirth.gamepedia.com/Hushy,Hushy,"Lil hush!",2908
392,http://bindingofisaacrebirth.gamepedia.com/Robo-Baby_2.0,Robo-Baby 2.0,"We worked out all the kinks",3025
393,http://bindingofisaacrebirth.gamepedia.com/Pageant_Boy,Pageant Boy,"Ultimate grand supreme",3079
394,http://bindingofisaacrebirth.gamepedia.com/Fanny_Pack,Fanny Pack,"Filled with goodies",2968
395,http://bindingofisaacrebirth.gamepedia.com/Mom%27s_Razor,Mom's Razor,"It's sharp!",3027
396,http://bindingofisaacrebirth.gamepedia.com/Shade,Shade,"It follows",2961
397,http://bindingofisaacrebirth.gamepedia.com/My_Shadow,My Shadow,"Me! And my shaaaadow!",3012
398,http://bindingofisaacrebirth.gamepedia.com/BBF,BBF,"Big Beautiful Fly",3161
399,http://bindingofisaacrebirth.gamepedia.com/Sharp_Plug,Sharp Plug,"Charge with blood",3016
400,http://bindingofisaacrebirth.gamepedia.com/Lil%27_Loki,Lil Loki,"4-way buddy!",3021
401,http://bindingofisaacrebirth.gamepedia.com/Acid_Baby,Acid Baby,"Pills pills pills!",3027
402,http://bindingofisaacrebirth.gamepedia.com/Angry_Fly,Angry Fly,"He's violent",2988
403,http://bindingofisaacrebirth.gamepedia.com/Lunch,Lunch,"HP up",3116
404,http://bindingofisaacrebirth.gamepedia.com/Dead_Bird,Dead Bird,"Protective buddy",3217
405,http://bindingofisaacrebirth.gamepedia.com/GB_Bug,GB Bug,"Game breaking bug, right away!",2971
406,http://bindingofisaacrebirth.gamepedia.com/Ventricle_Razor,Ventricle Razor,"Short cutter",2957
407,http://bindingofisaacrebirth.gamepedia.com/Anemic,Anemic,"Toxic blood",3095
408,http://bindingofisaacrebirth.gamepedia.com/The_Ladder,The Ladder,"Building bridges",3152
409,http://bindingofisaacrebirth.gamepedia.com/Fast_Bombs,Fast Bombs,"Faster Bomb Drops!",3043
410,http://bindingofisaacrebirth.gamepedia.com/Moldy_Bread,Moldy Bread,"Midnight snack!",3028
411,http://bindingofisaacrebirth.gamepedia.com/Bloodshot_Eye,Bloodshot Eye,"Bloody friend",3018
412,http://bindingofisaacrebirth.gamepedia.com/Bum_Friend,Bum Friend,"He's greedy",3110
413,http://bindingofisaacrebirth.gamepedia.com/Book_of_Secrets,Book of Secrets,"???",3017
414,http://bindingofisaacrebirth.gamepedia.com/Sticky_Bombs,Sticky Bombs,"Egg sack bombs!",2982
415,http://bindingofisaacrebirth.gamepedia.com/Placebo,Placebo,"Pill mimic",3041
416,http://bindingofisaacrebirth.gamepedia.com/Big_Chubby,Big Chubby,"Chub chub",3019
417,http://bindingofisaacrebirth.gamepedia.com/Lil_Gurdy,Lil Gurdy,"A gurd of your own!",2963
418,http://bindingofisaacrebirth.gamepedia.com/Friend_Zone,Friend Zone,"Friendly fly",2904
419,http://bindingofisaacrebirth.gamepedia.com/Glowing_Hour_Glass,Glowing Hour Glass,"Turn back time",3034
420,http://bindingofisaacrebirth.gamepedia.com/Aries,Aries,"Ramming speed",3090
421,http://bindingofisaacrebirth.gamepedia.com/Lost_Fly,Lost Fly,"Lost protector",3041
422,http://bindingofisaacrebirth.gamepedia.com/Compost,Compost,"Gain more friends!",3009
423,http://bindingofisaacrebirth.gamepedia.com/Leprosy,Leprosy,"You're tearing me apart!",2519
424,http://bindingofisaacrebirth.gamepedia.com/Poke_Go,Poke Go,"Gotta catch em...",3009
425,http://bindingofisaacrebirth.gamepedia.com/Dad%27s_Lost_Coin,Dad's Lost Coin,"I remember this...",2824
426,http://bindingofisaacrebirth.gamepedia.com/Mom%27s_Heels,Mom's Heels,"Range up",3062
427,http://bindingofisaacrebirth.gamepedia.com/Wooden_Nickel,Wooden Nickel,"Flip a coin",3029
428,http://bindingofisaacrebirth.gamepedia.com/My_Reflection,My Reflection,"Boomerang tears",3203
429,http://bindingofisaacrebirth.gamepedia.com/Breakfast,Breakfast,"HP up",3051
430,http://bindingofisaacrebirth.gamepedia.com/Papa_Fly,Papa Fly,"Turret Follower",3107
431,http://bindingofisaacrebirth.gamepedia.com/Betrayal,Betrayal,"Turn your enemy",3031
432,http://bindingofisaacrebirth.gamepedia.com/Marked,Marked,"Directed tears",3124
433,http://bindingofisaacrebirth.gamepedia.com/The_Necronomicon,The Necronomicon,"Mass room damage",3038
434,http://bindingofisaacrebirth.gamepedia.com/Dead_Tooth,Dead Tooth,"Halitosis",2887
435,http://bindingofisaacrebirth.gamepedia.com/IV_Bag,IV Bag,"Portable blood bank",3116
436,http://bindingofisaacrebirth.gamepedia.com/The_Peeper,The Peeper,"Plop!",3082
437,http://bindingofisaacrebirth.gamepedia.com/Mom%27s_Lipstick,Mom's Lipstick,"Range up",3160
438,http://bindingofisaacrebirth.gamepedia.com/How_to_Jump,How to Jump,"It's time you learned how",3157
439,http://bindingofisaacrebirth.gamepedia.com/Milk%21,Milk!,"Don't cry over it...",3018
440,http://bindingofisaacrebirth.gamepedia.com/No._2,No. 2,"Uh oh...",3055
441,http://bindingofisaacrebirth.gamepedia.com/Unicorn_Stump,Unicorn Stump,"You feel stumped",3070
442,http://bindingofisaacrebirth.gamepedia.com/D8,D8,"Reroll stats",2953
443,http://bindingofisaacrebirth.gamepedia.com/Pay_to_Play,Pay To Play,"Money talks",3033
444,http://bindingofisaacrebirth.gamepedia.com/D1,D1,"What will it be?",2954
445,http://bindingofisaacrebirth.gamepedia.com/The_Gamekid,The Gamekid,"Temporary Man-Pac",3088
446,http://bindingofisaacrebirth.gamepedia.com/Spider_Butt,Spider Butt,"Mass enemy slowdown + damage",3121
447,http://bindingofisaacrebirth.gamepedia.com/Best_Bud,Best Bud,"Sworn protector",2960
448,http://bindingofisaacrebirth.gamepedia.com/Farting_Baby,Farting Baby,"He farts!",3043
449,http://bindingofisaacrebirth.gamepedia.com/Razor_Blade,Razor Blade,"Feel my pain",3097
450,http://bindingofisaacrebirth.gamepedia.com/Moving_Box,Moving Box,"Pack and unpack",2524
451,http://bindingofisaacrebirth.gamepedia.com/Little_C.H.A.D.,Little C.H.A.D.,"Gives kisses",3151
452,http://bindingofisaacrebirth.gamepedia.com/King_Baby,King Baby,"Lord of the dead!",2956
453,http://bindingofisaacrebirth.gamepedia.com/Magneto,Magneto,"Item snatcher",3011
454,http://bindingofisaacrebirth.gamepedia.com/Mom%27s_Underwear,Mom's Underwear,"Range up",3057
455,http://bindingofisaacrebirth.gamepedia.com/Boom%21,Boom!,"10 bombs",3067
456,http://bindingofisaacrebirth.gamepedia.com/The_Boomerang,The Boomerang,"It will never leave you",3046
457,http://bindingofisaacrebirth.gamepedia.com/Key_Bum,Key Bum,"He wants your keys!",2990
458,http://bindingofisaacrebirth.gamepedia.com/Camo_Undies,Camo Undies,"Camo kid",2848
459,http://bindingofisaacrebirth.gamepedia.com/Obsessed_Fan,Obsessed Fan,"follows my every move...",3030
460,http://bindingofisaacrebirth.gamepedia.com/Doctor%27s_Remote,Doctor's Remote,"Reusable air strike",2975
461,http://bindingofisaacrebirth.gamepedia.com/Brown_Nugget,Brown Nugget,"Friendly Fly",2821
462,http://bindingofisaacrebirth.gamepedia.com/Brother_Bobby,Brother Bobby,"Friends 'till the end",3135
463,http://bindingofisaacrebirth.gamepedia.com/Ghost_Baby,Ghost Baby,"Spectral buddy",3112
464,http://bindingofisaacrebirth.gamepedia.com/Sister_Maggy,Sister Maggy,"Friends 'till the end",3031
465,http://bindingofisaacrebirth.gamepedia.com/Isaac%27s_Heart,Isaac's Heart,"Protect it",3037
466,http://bindingofisaacrebirth.gamepedia.com/Monstro%27s_Tooth,Monstro's Tooth,"Summon Monstro",3078
467,http://bindingofisaacrebirth.gamepedia.com/Yum_Heart,Yum Heart,"Reusable regeneration",3061
468,http://bindingofisaacrebirth.gamepedia.com/Telepathy_for_Dummies,Telepathy For Dummies,"Temporary psychic shot",3092
469,http://bindingofisaacrebirth.gamepedia.com/Bob%27s_Brain,Bob's Brain,"Explosive thoughts",3107
470,http://bindingofisaacrebirth.gamepedia.com/Cain%27s_Other_Eye,Cain's Other Eye,"Near-sighted friend",2871
471,http://bindingofisaacrebirth.gamepedia.com/Converter,Converter,"Convert your soul",2974
472,http://bindingofisaacrebirth.gamepedia.com/Mom%27s_Coin_Purse,Mom's Coin Purse,"What's all this...?",3112
473,http://bindingofisaacrebirth.gamepedia.com/Mr._Boom,Mr. Boom,"Reusable bomb buddy",3092
474,http://bindingofisaacrebirth.gamepedia.com/Mom%27s_Bottle_of_Pills,Mom's Bottle of Pills,"Reusable pill generator",3084
475,http://bindingofisaacrebirth.gamepedia.com/Metronome,Metronome,"Waggles a finger",2748
476,http://bindingofisaacrebirth.gamepedia.com/Cursed_Eye,Cursed Eye,"Cursed charge shot",3122
477,http://bindingofisaacrebirth.gamepedia.com/Bob%27s_Rotten_Head,Bob's Rotten Head,"Reusable ranged bomb",3184
478,http://bindingofisaacrebirth.gamepedia.com/Blood_Rights,Blood Rights,"Mass enemy damage at a cost",2847
479,http://bindingofisaacrebirth.gamepedia.com/The_Wiz,The Wiz,"Double wiz shot!",3114
480,http://bindingofisaacrebirth.gamepedia.com/We_Need_to_Go_Deeper%21,We Need To Go Deeper!,"Reusable level skip",3095
481,http://bindingofisaacrebirth.gamepedia.com/Tonsil,Tonsil,"Gross...",2871
482,http://bindingofisaacrebirth.gamepedia.com/E_Coli,E. Coli,"Turdy touch",3027
483,http://bindingofisaacrebirth.gamepedia.com/Little_Baggy,Little Baggy,"Extra pill room",3084
484,http://bindingofisaacrebirth.gamepedia.com/The_Jar,The Jar,"Save your life",3129
485,http://bindingofisaacrebirth.gamepedia.com/Glass_Cannon,Glass Cannon,"Be gentle...",3103
486,http://bindingofisaacrebirth.gamepedia.com/Flush%21,Flush!,"...",3001
487,http://bindingofisaacrebirth.gamepedia.com/Friendly_Ball,Friendly Ball,"Gotta fetch 'em all!",3099
488,http://bindingofisaacrebirth.gamepedia.com/Abel,Abel,"Mirrored buddy",3021
489,http://bindingofisaacrebirth.gamepedia.com/Isaac%27s_Tears,Isaac's Tears,"Collected tears",2962
490,http://bindingofisaacrebirth.gamepedia.com/D7,D7,"Reroll Rewards!",3089
491,http://bindingofisaacrebirth.gamepedia.com/Magic_Fingers,Magic Fingers,"Pay to play",2991
492,http://bindingofisaacrebirth.gamepedia.com/Holy_Water,Holy Water,"Splash!",3065
493,http://bindingofisaacrebirth.gamepedia.com/Anarchist_Cookbook,Anarchist Cookbook,"Summon bombs",3012
494,http://bindingofisaacrebirth.gamepedia.com/Best_Friend,Best Friend,"Friends 'till the end",3018
495,http://bindingofisaacrebirth.gamepedia.com/Scissors,Scissors,"Lose your head",2909
496,http://bindingofisaacrebirth.gamepedia.com/Clicker,Clicker,"Change",2990
497,http://bindingofisaacrebirth.gamepedia.com/Breath_of_Life,Breath of Life,"Invincibility at a cost",3030
498,http://bindingofisaacrebirth.gamepedia.com/Plan_C,Plan C,"Use with caution",2880
499,http://bindingofisaacrebirth.gamepedia.com/Strange_Attractor,Strange Attractor,"Magnetic tears",3111
500,http://bindingofisaacrebirth.gamepedia.com/Pause,Pause,"Stop!",2924
501,http://bindingofisaacrebirth.gamepedia.com/D12,D12,"Rerolls rocks",3020
502,http://bindingofisaacrebirth.gamepedia.com/Dead_Sea_Scrolls,Dead Sea Scrolls,"It's a mystery",3101
503,http://bindingofisaacrebirth.gamepedia.com/The_Hourglass,The Hourglass,"Temporary enemy slowdown",2974
504,http://bindingofisaacrebirth.gamepedia.com/Mega_Bean,Mega Bean,"Giga fart!",2972
505,http://bindingofisaacrebirth.gamepedia.com/Tear_Detonator,Tear Detonator,"Remote tear detonation",3028
506,http://bindingofisaacrebirth.gamepedia.com/Dataminer,Dataminer,"109",3069
507,http://bindingofisaacrebirth.gamepedia.com/Remote_Detonator,Remote Detonator,"Remote bomb detonation",3064
508,http://bindingofisaacrebirth.gamepedia.com/Lemon_Mishap,Lemon Mishap,"Oops...",3091
509,http://bindingofisaacrebirth.gamepedia.com/Monster_Manual,Monster Manual,"Temporary buddy generator",3102
510,http://bindingofisaacrebirth.gamepedia.com/Portable_Slot,Portable Slot,"Gamble 24/7",2979
511,http://bindingofisaacrebirth.gamepedia.com/Mine_Crafter,Mine Crafter,"Booom!",2982
512,http://bindingofisaacrebirth.gamepedia.com/Mom%27s_Bra,Mom's Bra,"Mass fear",3041
513,http://bindingofisaacrebirth.gamepedia.com/Notched_Axe,Notched Axe,"Rocks don't stand a chance",3031
514,http://bindingofisaacrebirth.gamepedia.com/Linger_Bean,Linger Bean,"Crying makes me toot",2857
515,http://bindingofisaacrebirth.gamepedia.com/Curse_of_the_Tower,Curse of the tower,"You feel cursed...",3196
516,http://bindingofisaacrebirth.gamepedia.com/Teleport,Teleport!,"Teleport!",2980
517,http://bindingofisaacrebirth.gamepedia.com/The_Black_Bean,The Black Bean,"Toot on touch",3046
518,http://bindingofisaacrebirth.gamepedia.com/D10,D10,"Reroll enemies",2968
519,http://bindingofisaacrebirth.gamepedia.com/The_Poop,The Poop,"Plop!",3177
520,http://bindingofisaacrebirth.gamepedia.com/Kamikaze%21,Kamikaze!,"Become the bomb!",3129
521,http://bindingofisaacrebirth.gamepedia.com/Kidney_Bean,Kidney Bean,"Love Toots!",3028
522,http://bindingofisaacrebirth.gamepedia.com/The_Bean,The Bean,"Toot on command",3119
523,http://bindingofisaacrebirth.gamepedia.com/Mom%27s_Pad,Mom's Pad,"Gross...",3101
524,http://bindingofisaacrebirth.gamepedia.com/Butter_Bean,Butter Bean,"Reusable knock-back",3056
